task,family,method,executor,localKind,configId,configLabel,classifier,regressor,preprocess,k,nPC,lambda,historyBins,binWidth,transform,bufferShort,bufferLong,smoothWin,methodDir,predictReturnsState,notes
classifier,classifier_screening,cosine_jared,classifier_local,cosine_jared,1,default,cosine_similarity,none,early_320ms_spike_counts,NaN,NaN,NaN,NaN,NaN,,NaN,NaN,NaN,,0,"Code-grounded from jared/positionEstimatorTraining.m classification stage."
classifier,classifier_screening,nbc_ming,classifier_local,nbc_ming,1,default,gaussian_naive_bayes,none,early_320ms_spike_counts_zscore,NaN,NaN,NaN,NaN,NaN,,NaN,NaN,NaN,,0,"Code-grounded from Classifier_Ming/NBC."
classifier,classifier_screening,lda_jared,classifier_local,lda_jared,1,default,lda_shrinkage,none,early_cumulative_counts_anscombe,NaN,NaN,NaN,NaN,NaN,,NaN,NaN,NaN,,0,"Pooled-covariance LDA on Anscombe(cumulative counts); matches the exemplar report classifier."
classifier,classifier_screening,knn_ming,classifier_local,knn_ming,1,k=1,knn,none,early_320ms_spike_counts_zscore,1,NaN,NaN,NaN,NaN,,NaN,NaN,NaN,,0,"Code-grounded from Classifier_Ming/KNN/k."
classifier,classifier_screening,knn_ming,classifier_local,knn_ming,2,k=5,knn,none,early_320ms_spike_counts_zscore,5,NaN,NaN,NaN,NaN,,NaN,NaN,NaN,,0,"Code-grounded from Classifier_Ming/KNN/k."
classifier,classifier_screening,knn_ming,classifier_local,knn_ming,3,k=11,knn,none,early_320ms_spike_counts_zscore,11,NaN,NaN,NaN,NaN,,NaN,NaN,NaN,,0,"Code-grounded from Classifier_Ming/KNN/k."
classifier,classifier_screening,knn_ming,classifier_local,knn_ming,4,k=21,knn,none,early_320ms_spike_counts_zscore,21,NaN,NaN,NaN,NaN,,NaN,NaN,NaN,,0,"Code-grounded from Classifier_Ming/KNN/k."
classifier,classifier_screening,svm_ming,classifier_local,svm_ming,1,default,linear_svm_ova,none,early_320ms_spike_counts,NaN,NaN,NaN,NaN,NaN,,NaN,NaN,NaN,,0,"Code-grounded from Classifier_Ming/SVM/SVM, but evaluated with the shared horizon sweep for fair comparison."
regressor_pooled,regressor_screening,pooled_pcr,continuous_local,pooled_regressor,1,nPC=50,none,pcr,20ms_bins_anscombe_16bin_history,NaN,50,0,15,20,anscombe,NaN,NaN,NaN,,0,"Shared pooled PCR screening baseline derived from the original dameer_grader."
regressor_pooled,regressor_screening,pooled_pcr,continuous_local,pooled_regressor,2,nPC=100,none,pcr,20ms_bins_anscombe_16bin_history,NaN,100,0,15,20,anscombe,NaN,NaN,NaN,,0,"Shared pooled PCR screening baseline derived from the original dameer_grader."
regressor_pooled,regressor_screening,pooled_pcr,continuous_local,pooled_regressor,3,nPC=200,none,pcr,20ms_bins_anscombe_16bin_history,NaN,200,0,15,20,anscombe,NaN,NaN,NaN,,0,"Shared pooled PCR screening baseline derived from the original dameer_grader."
regressor_pooled,regressor_screening,pooled_pcr,continuous_local,pooled_regressor,4,nPC=300,none,pcr,20ms_bins_anscombe_16bin_history,NaN,300,0,15,20,anscombe,NaN,NaN,NaN,,0,"Shared pooled PCR screening baseline derived from the original dameer_grader."
regressor_pooled,regressor_screening,pooled_pcr,continuous_local,pooled_regressor,5,nPC=400,none,pcr,20ms_bins_anscombe_16bin_history,NaN,400,0,15,20,anscombe,NaN,NaN,NaN,,0,"Shared pooled PCR screening baseline derived from the original dameer_grader."
regressor_pooled,regressor_screening,pooled_pcr,continuous_local,pooled_regressor,6,nPC=500,none,pcr,20ms_bins_anscombe_16bin_history,NaN,500,0,15,20,anscombe,NaN,NaN,NaN,,0,"Shared pooled PCR screening baseline derived from the original dameer_grader."
regressor_pooled,regressor_screening,pooled_ridge_pcr,continuous_local,pooled_regressor,1,nPC=50_lambda=0.1,none,ridge_pcr,20ms_bins_anscombe_16bin_history,NaN,50,0.1,15,20,anscombe,NaN,NaN,NaN,,0,"Shared pooled ridge-PCR screening baseline using the dameer_grader feature pipeline."
regressor_pooled,regressor_screening,pooled_ridge_pcr,continuous_local,pooled_regressor,2,nPC=100_lambda=0.1,none,ridge_pcr,20ms_bins_anscombe_16bin_history,NaN,100,0.1,15,20,anscombe,NaN,NaN,NaN,,0,"Shared pooled ridge-PCR screening baseline using the dameer_grader feature pipeline."
regressor_pooled,regressor_screening,pooled_ridge_pcr,continuous_local,pooled_regressor,3,nPC=200_lambda=0.1,none,ridge_pcr,20ms_bins_anscombe_16bin_history,NaN,200,0.1,15,20,anscombe,NaN,NaN,NaN,,0,"Shared pooled ridge-PCR screening baseline using the dameer_grader feature pipeline."
regressor_pooled,regressor_screening,pooled_ridge_pcr,continuous_local,pooled_regressor,4,nPC=300_lambda=0.1,none,ridge_pcr,20ms_bins_anscombe_16bin_history,NaN,300,0.1,15,20,anscombe,NaN,NaN,NaN,,0,"Shared pooled ridge-PCR screening baseline using the dameer_grader feature pipeline."
regressor_pooled,regressor_screening,pooled_ridge_pcr,continuous_local,pooled_regressor,5,nPC=400_lambda=0.1,none,ridge_pcr,20ms_bins_anscombe_16bin_history,NaN,400,0.1,15,20,anscombe,NaN,NaN,NaN,,0,"Shared pooled ridge-PCR screening baseline using the dameer_grader feature pipeline."
regressor_pooled,regressor_screening,pooled_ridge_pcr,continuous_local,pooled_regressor,6,nPC=500_lambda=0.1,none,ridge_pcr,20ms_bins_anscombe_16bin_history,NaN,500,0.1,15,20,anscombe,NaN,NaN,NaN,,0,"Shared pooled ridge-PCR screening baseline using the dameer_grader feature pipeline."
regressor_pooled,regressor_screening,pooled_ridge_pcr,continuous_local,pooled_regressor,7,nPC=50_lambda=1,none,ridge_pcr,20ms_bins_anscombe_16bin_history,NaN,50,1,15,20,anscombe,NaN,NaN,NaN,,0,"Shared pooled ridge-PCR screening baseline using the dameer_grader feature pipeline."
regressor_pooled,regressor_screening,pooled_ridge_pcr,continuous_local,pooled_regressor,8,nPC=100_lambda=1,none,ridge_pcr,20ms_bins_anscombe_16bin_history,NaN,100,1,15,20,anscombe,NaN,NaN,NaN,,0,"Shared pooled ridge-PCR screening baseline using the dameer_grader feature pipeline."
regressor_pooled,regressor_screening,pooled_ridge_pcr,continuous_local,pooled_regressor,9,nPC=200_lambda=1,none,ridge_pcr,20ms_bins_anscombe_16bin_history,NaN,200,1,15,20,anscombe,NaN,NaN,NaN,,0,"Shared pooled ridge-PCR screening baseline using the dameer_grader feature pipeline."
regressor_pooled,regressor_screening,pooled_ridge_pcr,continuous_local,pooled_regressor,10,nPC=300_lambda=1,none,ridge_pcr,20ms_bins_anscombe_16bin_history,NaN,300,1,15,20,anscombe,NaN,NaN,NaN,,0,"Shared pooled ridge-PCR screening baseline using the dameer_grader feature pipeline."
regressor_pooled,regressor_screening,pooled_ridge_pcr,continuous_local,pooled_regressor,11,nPC=400_lambda=1,none,ridge_pcr,20ms_bins_anscombe_16bin_history,NaN,400,1,15,20,anscombe,NaN,NaN,NaN,,0,"Shared pooled ridge-PCR screening baseline using the dameer_grader feature pipeline."
regressor_pooled,regressor_screening,pooled_ridge_pcr,continuous_local,pooled_regressor,12,nPC=500_lambda=1,none,ridge_pcr,20ms_bins_anscombe_16bin_history,NaN,500,1,15,20,anscombe,NaN,NaN,NaN,,0,"Shared pooled ridge-PCR screening baseline using the dameer_grader feature pipeline."
regressor_pooled,regressor_screening,pooled_ridge_pcr,continuous_local,pooled_regressor,13,nPC=50_lambda=10,none,ridge_pcr,20ms_bins_anscombe_16bin_history,NaN,50,10,15,20,anscombe,NaN,NaN,NaN,,0,"Shared pooled ridge-PCR screening baseline using the dameer_grader feature pipeline."
regressor_pooled,regressor_screening,pooled_ridge_pcr,continuous_local,pooled_regressor,14,nPC=100_lambda=10,none,ridge_pcr,20ms_bins_anscombe_16bin_history,NaN,100,10,15,20,anscombe,NaN,NaN,NaN,,0,"Shared pooled ridge-PCR screening baseline using the dameer_grader feature pipeline."
regressor_pooled,regressor_screening,pooled_ridge_pcr,continuous_local,pooled_regressor,15,nPC=200_lambda=10,none,ridge_pcr,20ms_bins_anscombe_16bin_history,NaN,200,10,15,20,anscombe,NaN,NaN,NaN,,0,"Shared pooled ridge-PCR screening baseline using the dameer_grader feature pipeline."
regressor_pooled,regressor_screening,pooled_ridge_pcr,continuous_local,pooled_regressor,16,nPC=300_lambda=10,none,ridge_pcr,20ms_bins_anscombe_16bin_history,NaN,300,10,15,20,anscombe,NaN,NaN,NaN,,0,"Shared pooled ridge-PCR screening baseline using the dameer_grader feature pipeline."
regressor_pooled,regressor_screening,pooled_ridge_pcr,continuous_local,pooled_regressor,17,nPC=400_lambda=10,none,ridge_pcr,20ms_bins_anscombe_16bin_history,NaN,400,10,15,20,anscombe,NaN,NaN,NaN,,0,"Shared pooled ridge-PCR screening baseline using the dameer_grader feature pipeline."
regressor_pooled,regressor_screening,pooled_ridge_pcr,continuous_local,pooled_regressor,18,nPC=500_lambda=10,none,ridge_pcr,20ms_bins_anscombe_16bin_history,NaN,500,10,15,20,anscombe,NaN,NaN,NaN,,0,"Shared pooled ridge-PCR screening baseline using the dameer_grader feature pipeline."
regressor_pooled,regressor_screening,pooled_ridge_pcr,continuous_local,pooled_regressor,19,nPC=50_lambda=100,none,ridge_pcr,20ms_bins_anscombe_16bin_history,NaN,50,100,15,20,anscombe,NaN,NaN,NaN,,0,"Shared pooled ridge-PCR screening baseline using the dameer_grader feature pipeline."
regressor_pooled,regressor_screening,pooled_ridge_pcr,continuous_local,pooled_regressor,20,nPC=100_lambda=100,none,ridge_pcr,20ms_bins_anscombe_16bin_history,NaN,100,100,15,20,anscombe,NaN,NaN,NaN,,0,"Shared pooled ridge-PCR screening baseline using the dameer_grader feature pipeline."
regressor_pooled,regressor_screening,pooled_ridge_pcr,continuous_local,pooled_regressor,21,nPC=200_lambda=100,none,ridge_pcr,20ms_bins_anscombe_16bin_history,NaN,200,100,15,20,anscombe,NaN,NaN,NaN,,0,"Shared pooled ridge-PCR screening baseline using the dameer_grader feature pipeline."
regressor_pooled,regressor_screening,pooled_ridge_pcr,continuous_local,pooled_regressor,22,nPC=300_lambda=100,none,ridge_pcr,20ms_bins_anscombe_16bin_history,NaN,300,100,15,20,anscombe,NaN,NaN,NaN,,0,"Shared pooled ridge-PCR screening baseline using the dameer_grader feature pipeline."
regressor_pooled,regressor_screening,pooled_ridge_pcr,continuous_local,pooled_regressor,23,nPC=400_lambda=100,none,ridge_pcr,20ms_bins_anscombe_16bin_history,NaN,400,100,15,20,anscombe,NaN,NaN,NaN,,0,"Shared pooled ridge-PCR screening baseline using the dameer_grader feature pipeline."
regressor_pooled,regressor_screening,pooled_ridge_pcr,continuous_local,pooled_regressor,24,nPC=500_lambda=100,none,ridge_pcr,20ms_bins_anscombe_16bin_history,NaN,500,100,15,20,anscombe,NaN,NaN,NaN,,0,"Shared pooled ridge-PCR screening baseline using the dameer_grader feature pipeline."
pipeline,final_pipeline,jared_direct,generic_position_estimator,,1,fixed,none,pooled_pcr,20ms_bins_anscombe_16bin_history,NaN,500,NaN,15,NaN,,NaN,NaN,NaN,/Users/dameer/Projects/BMI-neural-decoder/jared/positionEstimator (2),0,"Direct pooled PCR baseline from jared/positionEstimator (2)."
pipeline,final_pipeline,jared_hybrid,generic_position_estimator,,1,fixed,cosine_similarity,direction_specific_ridge_pcr,20ms_bins_anscombe_16bin_history,NaN,500,1000,15,NaN,,NaN,NaN,NaN,/Users/dameer/Projects/BMI-neural-decoder/jared,0,"Classifier-conditioned final pipeline from jared/positionEstimatorTraining.m."
