task,family,method,classifier,regressor,preprocess,fold,configId,configLabel,k,nPC,lambda,historyBins,bufferShort,bufferLong,smoothWin,rmse,accuracy,trainTimeSec,testTimeSec,timePerPredictionMs,taskScore,notes
classifier,classifier_screening,cosine_jared,cosine_similarity,none,early_320ms_spike_counts,1,1,default,NaN,NaN,NaN,NaN,NaN,NaN,NaN,NaN,98.125,0.601016541666667,0.1492445,0.0717521634615385,NaN,Code-grounded from jared/positionEstimatorTraining.m classification stage.
classifier,classifier_screening,cosine_jared,cosine_similarity,none,early_320ms_spike_counts,2,1,default,NaN,NaN,NaN,NaN,NaN,NaN,NaN,NaN,97.5,0.544378291666667,0.128276166666667,0.061671233974359,NaN,Code-grounded from jared/positionEstimatorTraining.m classification stage.
classifier,classifier_screening,cosine_jared,cosine_similarity,none,early_320ms_spike_counts,3,1,default,NaN,NaN,NaN,NaN,NaN,NaN,NaN,NaN,98.125,0.53770575,0.124616791666667,0.0599119190705128,NaN,Code-grounded from jared/positionEstimatorTraining.m classification stage.
classifier,classifier_screening,cosine_jared,cosine_similarity,none,early_320ms_spike_counts,4,1,default,NaN,NaN,NaN,NaN,NaN,NaN,NaN,NaN,96.25,0.598802625,0.149623541666667,0.0719343950320513,NaN,Code-grounded from jared/positionEstimatorTraining.m classification stage.
classifier,classifier_screening,cosine_jared,cosine_similarity,none,early_320ms_spike_counts,5,1,default,NaN,NaN,NaN,NaN,NaN,NaN,NaN,NaN,98.125,0.537010666666667,0.128286916666667,0.0616764022435897,NaN,Code-grounded from jared/positionEstimatorTraining.m classification stage.
classifier,classifier_screening,nbc_ming,gaussian_naive_bayes,none,early_320ms_spike_counts_zscore,1,1,default,NaN,NaN,NaN,NaN,NaN,NaN,NaN,NaN,77.5,0.5595985,0.227868333333333,0.109552083333333,NaN,Code-grounded from Classifier_Ming/NBC.
classifier,classifier_screening,nbc_ming,gaussian_naive_bayes,none,early_320ms_spike_counts_zscore,2,1,default,NaN,NaN,NaN,NaN,NaN,NaN,NaN,NaN,85.625,0.543827458333333,0.129281166666667,0.0621544070512821,NaN,Code-grounded from Classifier_Ming/NBC.
classifier,classifier_screening,nbc_ming,gaussian_naive_bayes,none,early_320ms_spike_counts_zscore,3,1,default,NaN,NaN,NaN,NaN,NaN,NaN,NaN,NaN,93.75,0.534652958333333,0.129727291666667,0.062368890224359,NaN,Code-grounded from Classifier_Ming/NBC.
classifier,classifier_screening,nbc_ming,gaussian_naive_bayes,none,early_320ms_spike_counts_zscore,4,1,default,NaN,NaN,NaN,NaN,NaN,NaN,NaN,NaN,86.875,0.544721875,0.131639625,0.06328828125,NaN,Code-grounded from Classifier_Ming/NBC.
classifier,classifier_screening,nbc_ming,gaussian_naive_bayes,none,early_320ms_spike_counts_zscore,5,1,default,NaN,NaN,NaN,NaN,NaN,NaN,NaN,NaN,83.125,0.527317791666667,0.129624041666667,0.0623192508012821,NaN,Code-grounded from Classifier_Ming/NBC.
classifier,classifier_screening,lda_jared,lda_shrinkage,none,early_cumulative_counts_anscombe,1,1,default,NaN,NaN,NaN,NaN,NaN,NaN,NaN,NaN,97.5,0.678717083333333,0.130246125,0.0626183293269231,NaN,Pooled-covariance LDA on Anscombe(cumulative counts); matches the exemplar report classifier.
classifier,classifier_screening,lda_jared,lda_shrinkage,none,early_cumulative_counts_anscombe,2,1,default,NaN,NaN,NaN,NaN,NaN,NaN,NaN,NaN,99.375,0.545094625,0.124284583333333,0.059752203525641,NaN,Pooled-covariance LDA on Anscombe(cumulative counts); matches the exemplar report classifier.
classifier,classifier_screening,lda_jared,lda_shrinkage,none,early_cumulative_counts_anscombe,3,1,default,NaN,NaN,NaN,NaN,NaN,NaN,NaN,NaN,98.125,0.555293791666667,0.125880708333333,0.0605195713141026,NaN,Pooled-covariance LDA on Anscombe(cumulative counts); matches the exemplar report classifier.
classifier,classifier_screening,lda_jared,lda_shrinkage,none,early_cumulative_counts_anscombe,4,1,default,NaN,NaN,NaN,NaN,NaN,NaN,NaN,NaN,97.5,0.53761775,0.1261135,0.0606314903846154,NaN,Pooled-covariance LDA on Anscombe(cumulative counts); matches the exemplar report classifier.
classifier,classifier_screening,lda_jared,lda_shrinkage,none,early_cumulative_counts_anscombe,5,1,default,NaN,NaN,NaN,NaN,NaN,NaN,NaN,NaN,99.375,0.539478083333333,0.125950666666667,0.0605532051282051,NaN,Pooled-covariance LDA on Anscombe(cumulative counts); matches the exemplar report classifier.
classifier,classifier_screening,knn_ming,knn,none,early_320ms_spike_counts_zscore,1,1,k=1,1,NaN,NaN,NaN,NaN,NaN,NaN,NaN,89.375,0.542045583333333,0.292675166666667,0.14070921474359,NaN,Code-grounded from Classifier_Ming/KNN/k.
classifier,classifier_screening,knn_ming,knn,none,early_320ms_spike_counts_zscore,2,1,k=1,1,NaN,NaN,NaN,NaN,NaN,NaN,NaN,84.375,0.533501625,0.219442791666667,0.105501342147436,NaN,Code-grounded from Classifier_Ming/KNN/k.
classifier,classifier_screening,knn_ming,knn,none,early_320ms_spike_counts_zscore,3,1,k=1,1,NaN,NaN,NaN,NaN,NaN,NaN,NaN,85.625,0.525488208333333,0.214480833333333,0.10311578525641,NaN,Code-grounded from Classifier_Ming/KNN/k.
classifier,classifier_screening,knn_ming,knn,none,early_320ms_spike_counts_zscore,4,1,k=1,1,NaN,NaN,NaN,NaN,NaN,NaN,NaN,88.125,0.529222041666667,0.215164041666667,0.103444250801282,NaN,Code-grounded from Classifier_Ming/KNN/k.
classifier,classifier_screening,knn_ming,knn,none,early_320ms_spike_counts_zscore,5,1,k=1,1,NaN,NaN,NaN,NaN,NaN,NaN,NaN,86.25,0.529836666666667,0.219267041666667,0.105416846955128,NaN,Code-grounded from Classifier_Ming/KNN/k.
classifier,classifier_screening,knn_ming,knn,none,early_320ms_spike_counts_zscore,1,2,k=5,5,NaN,NaN,NaN,NaN,NaN,NaN,NaN,94.375,0.545676625,0.230928625,0.111023377403846,NaN,Code-grounded from Classifier_Ming/KNN/k.
classifier,classifier_screening,knn_ming,knn,none,early_320ms_spike_counts_zscore,2,2,k=5,5,NaN,NaN,NaN,NaN,NaN,NaN,NaN,91.25,0.526093916666667,0.213910916666667,0.102841786858974,NaN,Code-grounded from Classifier_Ming/KNN/k.
classifier,classifier_screening,knn_ming,knn,none,early_320ms_spike_counts_zscore,3,2,k=5,5,NaN,NaN,NaN,NaN,NaN,NaN,NaN,94.375,0.532488041666667,0.212852416666667,0.102332892628205,NaN,Code-grounded from Classifier_Ming/KNN/k.
classifier,classifier_screening,knn_ming,knn,none,early_320ms_spike_counts_zscore,4,2,k=5,5,NaN,NaN,NaN,NaN,NaN,NaN,NaN,89.375,0.525531583333333,0.214479958333333,0.103115364583333,NaN,Code-grounded from Classifier_Ming/KNN/k.
classifier,classifier_screening,knn_ming,knn,none,early_320ms_spike_counts_zscore,5,2,k=5,5,NaN,NaN,NaN,NaN,NaN,NaN,NaN,94.375,0.526835666666667,0.212619041666667,0.102220693108974,NaN,Code-grounded from Classifier_Ming/KNN/k.
classifier,classifier_screening,knn_ming,knn,none,early_320ms_spike_counts_zscore,1,3,k=11,11,NaN,NaN,NaN,NaN,NaN,NaN,NaN,95,0.522591791666667,0.215701041666667,0.103702423878205,NaN,Code-grounded from Classifier_Ming/KNN/k.
classifier,classifier_screening,knn_ming,knn,none,early_320ms_spike_counts_zscore,2,3,k=11,11,NaN,NaN,NaN,NaN,NaN,NaN,NaN,91.25,0.525800958333333,0.217115375,0.104382391826923,NaN,Code-grounded from Classifier_Ming/KNN/k.
classifier,classifier_screening,knn_ming,knn,none,early_320ms_spike_counts_zscore,3,3,k=11,11,NaN,NaN,NaN,NaN,NaN,NaN,NaN,96.25,0.536792,0.214494291666667,0.103122255608974,NaN,Code-grounded from Classifier_Ming/KNN/k.
classifier,classifier_screening,knn_ming,knn,none,early_320ms_spike_counts_zscore,4,3,k=11,11,NaN,NaN,NaN,NaN,NaN,NaN,NaN,93.125,0.529720166666667,0.216442666666667,0.104058974358974,NaN,Code-grounded from Classifier_Ming/KNN/k.
classifier,classifier_screening,knn_ming,knn,none,early_320ms_spike_counts_zscore,5,3,k=11,11,NaN,NaN,NaN,NaN,NaN,NaN,NaN,95,0.530615083333333,0.215784791666667,0.103742688301282,NaN,Code-grounded from Classifier_Ming/KNN/k.
classifier,classifier_screening,knn_ming,knn,none,early_320ms_spike_counts_zscore,1,4,k=21,21,NaN,NaN,NaN,NaN,NaN,NaN,NaN,95,0.526893958333333,0.212122833333333,0.101982131410256,NaN,Code-grounded from Classifier_Ming/KNN/k.
classifier,classifier_screening,knn_ming,knn,none,early_320ms_spike_counts_zscore,2,4,k=21,21,NaN,NaN,NaN,NaN,NaN,NaN,NaN,95.625,0.529212166666667,0.222769166666667,0.107100560897436,NaN,Code-grounded from Classifier_Ming/KNN/k.
classifier,classifier_screening,knn_ming,knn,none,early_320ms_spike_counts_zscore,3,4,k=21,21,NaN,NaN,NaN,NaN,NaN,NaN,NaN,94.375,0.526652666666667,0.215037166666667,0.103383253205128,NaN,Code-grounded from Classifier_Ming/KNN/k.
classifier,classifier_screening,knn_ming,knn,none,early_320ms_spike_counts_zscore,4,4,k=21,21,NaN,NaN,NaN,NaN,NaN,NaN,NaN,93.125,0.531001,0.214942083333333,0.103337540064103,NaN,Code-grounded from Classifier_Ming/KNN/k.
classifier,classifier_screening,knn_ming,knn,none,early_320ms_spike_counts_zscore,5,4,k=21,21,NaN,NaN,NaN,NaN,NaN,NaN,NaN,95,0.549371083333333,0.218494458333333,0.105045412660256,NaN,Code-grounded from Classifier_Ming/KNN/k.
regressor_pooled,regressor_screening,pooled_pcr,none,pcr,20ms_bins_anscombe_16bin_history,1,1,nPC=50,NaN,50,0,15,NaN,NaN,NaN,19.8029898890456,NaN,1.45501308333333,0.170295666666667,0.0627009081983309,17.8397204668077,Shared pooled PCR screening baseline derived from the original dameer_grader.
regressor_pooled,regressor_screening,pooled_pcr,none,pcr,20ms_bins_anscombe_16bin_history,2,1,nPC=50,NaN,50,0,15,NaN,NaN,NaN,18.7121926663748,NaN,1.34182133333333,0.126892208333333,0.0481381670460293,16.8536626205707,Shared pooled PCR screening baseline derived from the original dameer_grader.
regressor_pooled,regressor_screening,pooled_pcr,none,pcr,20ms_bins_anscombe_16bin_history,3,1,nPC=50,NaN,50,0,15,NaN,NaN,NaN,18.8552244201326,NaN,0.688541,0.118049625,0.044783621016692,16.9815069406193,Shared pooled PCR screening baseline derived from the original dameer_grader.
regressor_pooled,regressor_screening,pooled_pcr,none,pcr,20ms_bins_anscombe_16bin_history,4,1,nPC=50,NaN,50,0,15,NaN,NaN,NaN,19.0439948930449,NaN,0.677597625,0.120624708333333,0.0444453604765414,17.1516578745737,Shared pooled PCR screening baseline derived from the original dameer_grader.
regressor_pooled,regressor_screening,pooled_pcr,none,pcr,20ms_bins_anscombe_16bin_history,5,1,nPC=50,NaN,50,0,15,NaN,NaN,NaN,19.742011905321,NaN,0.722151916666667,0.120835666666667,0.0454098709758236,17.7798942814556,Shared pooled PCR screening baseline derived from the original dameer_grader.
regressor_pooled,regressor_screening,pooled_pcr,none,pcr,20ms_bins_anscombe_16bin_history,1,2,nPC=100,NaN,100,0,15,NaN,NaN,NaN,19.4614193483882,NaN,0.701631875,0.126489375,0.0465719348306333,17.5279263510494,Shared pooled PCR screening baseline derived from the original dameer_grader.
regressor_pooled,regressor_screening,pooled_pcr,none,pcr,20ms_bins_anscombe_16bin_history,2,2,nPC=100,NaN,100,0,15,NaN,NaN,NaN,18.6750514001,NaN,0.700305,0.11946425,0.0453202769347496,16.81949268509,Shared pooled PCR screening baseline derived from the original dameer_grader.
regressor_pooled,regressor_screening,pooled_pcr,none,pcr,20ms_bins_anscombe_16bin_history,3,2,nPC=100,NaN,100,0,15,NaN,NaN,NaN,18.3459810720033,NaN,0.712413791666667,0.130197416666667,0.0493920397066262,16.5244027064696,Shared pooled PCR screening baseline derived from the original dameer_grader.
regressor_pooled,regressor_screening,pooled_pcr,none,pcr,20ms_bins_anscombe_16bin_history,4,2,nPC=100,NaN,100,0,15,NaN,NaN,NaN,19.0768293278502,NaN,0.711520625,0.129736541666667,0.0478027051093098,17.1821200492319,Shared pooled PCR screening baseline derived from the original dameer_grader.
regressor_pooled,regressor_screening,pooled_pcr,none,pcr,20ms_bins_anscombe_16bin_history,5,2,nPC=100,NaN,100,0,15,NaN,NaN,NaN,19.0694441025322,NaN,0.720409125,0.115537625,0.043418874483277,17.174053454779,Shared pooled PCR screening baseline derived from the original dameer_grader.
regressor_pooled,regressor_screening,pooled_pcr,none,pcr,20ms_bins_anscombe_16bin_history,1,3,nPC=200,NaN,200,0,15,NaN,NaN,NaN,19.3617434052215,NaN,0.685812458333333,0.123987541666667,0.0456507885370643,17.437967818866,Shared pooled PCR screening baseline derived from the original dameer_grader.
regressor_pooled,regressor_screening,pooled_pcr,none,pcr,20ms_bins_anscombe_16bin_history,2,3,nPC=200,NaN,200,0,15,NaN,NaN,NaN,18.6908284179942,NaN,0.72040075,0.118249625,0.0448594935508346,16.8335705386948,Shared pooled PCR screening baseline derived from the original dameer_grader.
regressor_pooled,regressor_screening,pooled_pcr,none,pcr,20ms_bins_anscombe_16bin_history,3,3,nPC=200,NaN,200,0,15,NaN,NaN,NaN,18.2597855773486,NaN,0.69310775,0.120952541666667,0.0458848792362165,16.4459022737804,Shared pooled PCR screening baseline derived from the original dameer_grader.
regressor_pooled,regressor_screening,pooled_pcr,none,pcr,20ms_bins_anscombe_16bin_history,4,3,nPC=200,NaN,200,0,15,NaN,NaN,NaN,18.9441905828692,NaN,0.690815041666667,0.124453833333333,0.0458562392532547,17.0622169079156,Shared pooled PCR screening baseline derived from the original dameer_grader.
regressor_pooled,regressor_screening,pooled_pcr,none,pcr,20ms_bins_anscombe_16bin_history,5,3,nPC=200,NaN,200,0,15,NaN,NaN,NaN,18.7723199113028,NaN,0.714844,0.120307875,0.045211527621195,16.9071187076725,Shared pooled PCR screening baseline derived from the original dameer_grader.
regressor_pooled,regressor_screening,pooled_pcr,none,pcr,20ms_bins_anscombe_16bin_history,1,4,nPC=300,NaN,300,0,15,NaN,NaN,NaN,19.5961782146693,NaN,0.750137666666667,0.128744666666667,0.0474023073146784,17.649434859869,Shared pooled PCR screening baseline derived from the original dameer_grader.
regressor_pooled,regressor_screening,pooled_pcr,none,pcr,20ms_bins_anscombe_16bin_history,2,4,nPC=300,NaN,300,0,15,NaN,NaN,NaN,18.6287912333725,NaN,0.746948458333333,0.123073541666667,0.0466895074607992,16.7782194642019,Shared pooled PCR screening baseline derived from the original dameer_grader.
regressor_pooled,regressor_screening,pooled_pcr,none,pcr,20ms_bins_anscombe_16bin_history,3,4,nPC=300,NaN,300,0,15,NaN,NaN,NaN,18.2020774428596,NaN,1.074190625,0.133582583333333,0.0506762455741022,16.395227956907,Shared pooled PCR screening baseline derived from the original dameer_grader.
regressor_pooled,regressor_screening,pooled_pcr,none,pcr,20ms_bins_anscombe_16bin_history,4,4,nPC=300,NaN,300,0,15,NaN,NaN,NaN,18.666854186897,NaN,0.745960791666667,0.127997416666667,0.0471619073937607,16.8129685098739,Shared pooled PCR screening baseline derived from the original dameer_grader.
regressor_pooled,regressor_screening,pooled_pcr,none,pcr,20ms_bins_anscombe_16bin_history,5,4,nPC=300,NaN,300,0,15,NaN,NaN,NaN,18.731975991519,NaN,0.695262666666667,0.126168333333333,0.0474138794939246,16.8713952257004,Shared pooled PCR screening baseline derived from the original dameer_grader.
regressor_pooled,regressor_screening,pooled_pcr,none,pcr,20ms_bins_anscombe_16bin_history,1,5,nPC=400,NaN,400,0,15,NaN,NaN,NaN,19.5778727100682,NaN,0.777958083333333,0.133874416666667,0.0492910223367698,17.6334728807281,Shared pooled PCR screening baseline derived from the original dameer_grader.
regressor_pooled,regressor_screening,pooled_pcr,none,pcr,20ms_bins_anscombe_16bin_history,2,5,nPC=400,NaN,400,0,15,NaN,NaN,NaN,18.5694424172513,NaN,0.857355666666667,0.141646416666667,0.0537353629236216,16.7266628171929,Shared pooled PCR screening baseline derived from the original dameer_grader.
regressor_pooled,regressor_screening,pooled_pcr,none,pcr,20ms_bins_anscombe_16bin_history,3,5,nPC=400,NaN,400,0,15,NaN,NaN,NaN,18.0460657713579,NaN,0.803961333333333,0.135034958333333,0.0512272224329793,16.2549626900555,Shared pooled PCR screening baseline derived from the original dameer_grader.
regressor_pooled,regressor_screening,pooled_pcr,none,pcr,20ms_bins_anscombe_16bin_history,4,5,nPC=400,NaN,400,0,15,NaN,NaN,NaN,18.4402739875991,NaN,0.79315775,0.132094625,0.0486715641120118,16.6094560513392,Shared pooled PCR screening baseline derived from the original dameer_grader.
regressor_pooled,regressor_screening,pooled_pcr,none,pcr,20ms_bins_anscombe_16bin_history,5,5,nPC=400,NaN,400,0,15,NaN,NaN,NaN,18.8287104238002,NaN,0.786077166666667,0.1302375,0.0489430665163472,16.9588631314201,Shared pooled PCR screening baseline derived from the original dameer_grader.
regressor_pooled,regressor_screening,pooled_pcr,none,pcr,20ms_bins_anscombe_16bin_history,1,6,nPC=500,NaN,500,0,15,NaN,NaN,NaN,19.4347682943854,NaN,0.743364375,0.149915,0.0551969808541973,17.5062829649468,Shared pooled PCR screening baseline derived from the original dameer_grader.
regressor_pooled,regressor_screening,pooled_pcr,none,pcr,20ms_bins_anscombe_16bin_history,2,6,nPC=500,NaN,500,0,15,NaN,NaN,NaN,18.6031325478365,NaN,0.823381291666667,0.138032041666667,0.0523642039706626,16.7566224972196,Shared pooled PCR screening baseline derived from the original dameer_grader.
regressor_pooled,regressor_screening,pooled_pcr,none,pcr,20ms_bins_anscombe_16bin_history,3,6,nPC=500,NaN,500,0,15,NaN,NaN,NaN,18.1712255125535,NaN,0.727043208333333,0.133265791666667,0.0505560666413758,16.3674295404648,Shared pooled PCR screening baseline derived from the original dameer_grader.
regressor_pooled,regressor_screening,pooled_pcr,none,pcr,20ms_bins_anscombe_16bin_history,4,6,nPC=500,NaN,500,0,15,NaN,NaN,NaN,18.3749875271465,NaN,0.769474458333333,0.15092825,0.0556109985261607,16.5525815994319,Shared pooled PCR screening baseline derived from the original dameer_grader.
regressor_pooled,regressor_screening,pooled_pcr,none,pcr,20ms_bins_anscombe_16bin_history,5,6,nPC=500,NaN,500,0,15,NaN,NaN,NaN,18.7389019010032,NaN,0.734220583333333,0.13545275,0.0509029500187899,16.8785569859029,Shared pooled PCR screening baseline derived from the original dameer_grader.
regressor_pooled,regressor_screening,pooled_ridge_pcr,none,ridge_pcr,20ms_bins_anscombe_16bin_history,1,1,nPC=50_lambda=0.1,NaN,50,0.1,15,NaN,NaN,NaN,19.8029563614018,NaN,0.718211166666667,0.117972125,0.0434359812223859,17.8344579377616,Shared pooled ridge-PCR screening baseline using the dameer_grader feature pipeline.
regressor_pooled,regressor_screening,pooled_ridge_pcr,none,ridge_pcr,20ms_bins_anscombe_16bin_history,2,1,nPC=50_lambda=0.1,NaN,50,0.1,15,NaN,NaN,NaN,18.7121785627432,NaN,0.712673041666667,0.114512208333333,0.0434416571825999,16.8524119273022,Shared pooled ridge-PCR screening baseline using the dameer_grader feature pipeline.
regressor_pooled,regressor_screening,pooled_ridge_pcr,none,ridge_pcr,20ms_bins_anscombe_16bin_history,3,1,nPC=50_lambda=0.1,NaN,50,0.1,15,NaN,NaN,NaN,18.8551892095227,NaN,0.781712666666667,0.114393958333333,0.0433967975467881,16.9811096844038,Shared pooled ridge-PCR screening baseline using the dameer_grader feature pipeline.
regressor_pooled,regressor_screening,pooled_ridge_pcr,none,ridge_pcr,20ms_bins_anscombe_16bin_history,4,1,nPC=50_lambda=0.1,NaN,50,0.1,15,NaN,NaN,NaN,19.0439596395573,NaN,0.698077541666667,0.122418083333333,0.0451061471382953,17.1518054839349,Shared pooled ridge-PCR screening baseline using the dameer_grader feature pipeline.
regressor_pooled,regressor_screening,pooled_ridge_pcr,none,ridge_pcr,20ms_bins_anscombe_16bin_history,5,1,nPC=50_lambda=0.1,NaN,50,0.1,15,NaN,NaN,NaN,19.741979981005,NaN,0.712271458333333,0.116041125,0.0436080890642616,17.7793860954045,Shared pooled ridge-PCR screening baseline using the dameer_grader feature pipeline.
regressor_pooled,regressor_screening,pooled_ridge_pcr,none,ridge_pcr,20ms_bins_anscombe_16bin_history,1,2,nPC=100_lambda=0.1,NaN,100,0.1,15,NaN,NaN,NaN,19.4613882657857,NaN,0.672504958333333,0.1206,0.0444035346097202,17.5273094392071,Shared pooled ridge-PCR screening baseline using the dameer_grader feature pipeline.
regressor_pooled,regressor_screening,pooled_ridge_pcr,none,ridge_pcr,20ms_bins_anscombe_16bin_history,2,2,nPC=100_lambda=0.1,NaN,100,0.1,15,NaN,NaN,NaN,18.6750346605459,NaN,0.699193,0.11626825,0.0441078338391502,16.8191580194913,Shared pooled ridge-PCR screening baseline using the dameer_grader feature pipeline.
regressor_pooled,regressor_screening,pooled_ridge_pcr,none,ridge_pcr,20ms_bins_anscombe_16bin_history,3,2,nPC=100_lambda=0.1,NaN,100,0.1,15,NaN,NaN,NaN,18.3459529598061,NaN,0.667940916666667,0.1157465,0.0439099013657056,16.5229323138255,Shared pooled ridge-PCR screening baseline using the dameer_grader feature pipeline.
regressor_pooled,regressor_screening,pooled_ridge_pcr,none,ridge_pcr,20ms_bins_anscombe_16bin_history,4,2,nPC=100_lambda=0.1,NaN,100,0.1,15,NaN,NaN,NaN,19.0767871301659,NaN,0.745504875,0.119224708333333,0.0439295167035126,17.1810308879826,Shared pooled ridge-PCR screening baseline using the dameer_grader feature pipeline.
regressor_pooled,regressor_screening,pooled_ridge_pcr,none,ridge_pcr,20ms_bins_anscombe_16bin_history,5,2,nPC=100_lambda=0.1,NaN,100,0.1,15,NaN,NaN,NaN,19.0694240173996,NaN,0.688496916666667,0.117149916666667,0.0440247713892021,17.1741966073263,Shared pooled ridge-PCR screening baseline using the dameer_grader feature pipeline.
regressor_pooled,regressor_screening,pooled_ridge_pcr,none,ridge_pcr,20ms_bins_anscombe_16bin_history,1,3,nPC=200_lambda=0.1,NaN,200,0.1,15,NaN,NaN,NaN,19.3617080557774,NaN,0.7467975,0.124635,0.045889175257732,17.4380007501996,Shared pooled ridge-PCR screening baseline using the dameer_grader feature pipeline.
regressor_pooled,regressor_screening,pooled_ridge_pcr,none,ridge_pcr,20ms_bins_anscombe_16bin_history,2,3,nPC=200_lambda=0.1,NaN,200,0.1,15,NaN,NaN,NaN,18.690803278108,NaN,0.671591958333333,0.119788375,0.0454432378603945,16.8337017877972,Shared pooled ridge-PCR screening baseline using the dameer_grader feature pipeline.
regressor_pooled,regressor_screening,pooled_ridge_pcr,none,ridge_pcr,20ms_bins_anscombe_16bin_history,3,3,nPC=200_lambda=0.1,NaN,200,0.1,15,NaN,NaN,NaN,18.2597492939976,NaN,0.738654,0.119204375,0.045221690060698,16.4456948020978,Shared pooled ridge-PCR screening baseline using the dameer_grader feature pipeline.
regressor_pooled,regressor_screening,pooled_ridge_pcr,none,ridge_pcr,20ms_bins_anscombe_16bin_history,4,3,nPC=200_lambda=0.1,NaN,200,0.1,15,NaN,NaN,NaN,18.9441456828953,NaN,0.707370333333333,0.123061125,0.0453430821665438,17.0620372271058,Shared pooled ridge-PCR screening baseline using the dameer_grader feature pipeline.
regressor_pooled,regressor_screening,pooled_ridge_pcr,none,ridge_pcr,20ms_bins_anscombe_16bin_history,5,3,nPC=200_lambda=0.1,NaN,200,0.1,15,NaN,NaN,NaN,18.7722944675104,NaN,0.794670458333333,0.119603291666667,0.0449467462106977,16.907025349926,Shared pooled ridge-PCR screening baseline using the dameer_grader feature pipeline.
regressor_pooled,regressor_screening,pooled_ridge_pcr,none,ridge_pcr,20ms_bins_anscombe_16bin_history,1,4,nPC=300_lambda=0.1,NaN,300,0.1,15,NaN,NaN,NaN,19.5961343279665,NaN,0.709286125,0.1296795,0.0477465022091311,17.6494888451698,Shared pooled ridge-PCR screening baseline using the dameer_grader feature pipeline.
regressor_pooled,regressor_screening,pooled_ridge_pcr,none,ridge_pcr,20ms_bins_anscombe_16bin_history,2,4,nPC=300_lambda=0.1,NaN,300,0.1,15,NaN,NaN,NaN,18.6287646398372,NaN,0.716384041666667,0.125003916666667,0.0474218196762772,16.7783885675202,Shared pooled ridge-PCR screening baseline using the dameer_grader feature pipeline.
regressor_pooled,regressor_screening,pooled_ridge_pcr,none,ridge_pcr,20ms_bins_anscombe_16bin_history,3,4,nPC=300_lambda=0.1,NaN,300,0.1,15,NaN,NaN,NaN,18.2020360443245,NaN,0.682169583333333,0.126178666666667,0.0478674759736975,16.3944503065588,Shared pooled ridge-PCR screening baseline using the dameer_grader feature pipeline.
regressor_pooled,regressor_screening,pooled_ridge_pcr,none,ridge_pcr,20ms_bins_anscombe_16bin_history,4,4,nPC=300_lambda=0.1,NaN,300,0.1,15,NaN,NaN,NaN,18.666809300491,NaN,0.7181015,0.129901833333333,0.0478636084500123,16.8131185537752,Shared pooled ridge-PCR screening baseline using the dameer_grader feature pipeline.
regressor_pooled,regressor_screening,pooled_ridge_pcr,none,ridge_pcr,20ms_bins_anscombe_16bin_history,5,4,nPC=300_lambda=0.1,NaN,300,0.1,15,NaN,NaN,NaN,18.7319474949329,NaN,0.726686208333333,0.12599025,0.0473469560315671,16.8713517704396,Shared pooled ridge-PCR screening baseline using the dameer_grader feature pipeline.
regressor_pooled,regressor_screening,pooled_ridge_pcr,none,ridge_pcr,20ms_bins_anscombe_16bin_history,1,5,nPC=400_lambda=0.1,NaN,400,0.1,15,NaN,NaN,NaN,19.5778232093916,NaN,0.681205208333333,0.133381625,0.0491095821060383,17.6333790509524,Shared pooled ridge-PCR screening baseline using the dameer_grader feature pipeline.
regressor_pooled,regressor_screening,pooled_ridge_pcr,none,ridge_pcr,20ms_bins_anscombe_16bin_history,2,5,nPC=400_lambda=0.1,NaN,400,0.1,15,NaN,NaN,NaN,18.5694110065499,NaN,0.724004416666667,0.129810041666667,0.0492450840920587,16.7254509100615,Shared pooled ridge-PCR screening baseline using the dameer_grader feature pipeline.
regressor_pooled,regressor_screening,pooled_ridge_pcr,none,ridge_pcr,20ms_bins_anscombe_16bin_history,3,5,nPC=400_lambda=0.1,NaN,400,0.1,15,NaN,NaN,NaN,18.0460236411012,NaN,0.734198333333333,0.12832075,0.0486801024279211,16.254253351991,Shared pooled ridge-PCR screening baseline using the dameer_grader feature pipeline.
regressor_pooled,regressor_screening,pooled_ridge_pcr,none,ridge_pcr,20ms_bins_anscombe_16bin_history,4,5,nPC=400_lambda=0.1,NaN,400,0.1,15,NaN,NaN,NaN,18.4402309498587,NaN,0.703985875,0.133778833333333,0.049292127241464,16.6095857382061,Shared pooled ridge-PCR screening baseline using the dameer_grader feature pipeline.
regressor_pooled,regressor_screening,pooled_ridge_pcr,none,ridge_pcr,20ms_bins_anscombe_16bin_history,5,5,nPC=400_lambda=0.1,NaN,400,0.1,15,NaN,NaN,NaN,18.8286753923794,NaN,0.677863791666667,0.130721416666667,0.0491249217086308,16.9588799948082,Shared pooled ridge-PCR screening baseline using the dameer_grader feature pipeline.
regressor_pooled,regressor_screening,pooled_ridge_pcr,none,ridge_pcr,20ms_bins_anscombe_16bin_history,1,6,nPC=500_lambda=0.1,NaN,500,0.1,15,NaN,NaN,NaN,19.4347173342663,NaN,0.690581666666667,0.140416083333333,0.051699588856161,17.505287209173,Shared pooled ridge-PCR screening baseline using the dameer_grader feature pipeline.
regressor_pooled,regressor_screening,pooled_ridge_pcr,none,ridge_pcr,20ms_bins_anscombe_16bin_history,2,6,nPC=500_lambda=0.1,NaN,500,0.1,15,NaN,NaN,NaN,18.6030952975142,NaN,0.759169041666667,0.136922125,0.0519431430197269,16.7564779802628,Shared pooled ridge-PCR screening baseline using the dameer_grader feature pipeline.
regressor_pooled,regressor_screening,pooled_ridge_pcr,none,ridge_pcr,20ms_bins_anscombe_16bin_history,3,6,nPC=500_lambda=0.1,NaN,500,0.1,15,NaN,NaN,NaN,18.1711685604917,NaN,0.731527166666667,0.135988583333333,0.0515889921598381,16.3676505627758,Shared pooled ridge-PCR screening baseline using the dameer_grader feature pipeline.
regressor_pooled,regressor_screening,pooled_ridge_pcr,none,ridge_pcr,20ms_bins_anscombe_16bin_history,4,6,nPC=500_lambda=0.1,NaN,500,0.1,15,NaN,NaN,NaN,18.3749443899585,NaN,0.710441,0.139989333333333,0.0515804470646033,16.551448884296,Shared pooled ridge-PCR screening baseline using the dameer_grader feature pipeline.
regressor_pooled,regressor_screening,pooled_ridge_pcr,none,ridge_pcr,20ms_bins_anscombe_16bin_history,5,6,nPC=500_lambda=0.1,NaN,500,0.1,15,NaN,NaN,NaN,18.7388645719134,NaN,0.68175675,0.136371083333333,0.0512480583740448,16.8786152230554,Shared pooled ridge-PCR screening baseline using the dameer_grader feature pipeline.
regressor_pooled,regressor_screening,pooled_ridge_pcr,none,ridge_pcr,20ms_bins_anscombe_16bin_history,1,7,nPC=50_lambda=1,NaN,50,1,15,NaN,NaN,NaN,19.8026546844079,NaN,0.68614675,0.120029625,0.0441935290868925,17.8343921784671,Shared pooled ridge-PCR screening baseline using the dameer_grader feature pipeline.
regressor_pooled,regressor_screening,pooled_ridge_pcr,none,ridge_pcr,20ms_bins_anscombe_16bin_history,2,7,nPC=50_lambda=1,NaN,50,1,15,NaN,NaN,NaN,18.7120517066345,NaN,0.667474916666667,0.112303541666667,0.042603771497218,16.8520768901377,Shared pooled ridge-PCR screening baseline using the dameer_grader feature pipeline.
regressor_pooled,regressor_screening,pooled_ridge_pcr,none,ridge_pcr,20ms_bins_anscombe_16bin_history,3,7,nPC=50_lambda=1,NaN,50,1,15,NaN,NaN,NaN,18.8548724106768,NaN,0.721648791666667,0.117128041666667,0.0444340067020739,16.9810979737758,Shared pooled ridge-PCR screening baseline using the dameer_grader feature pipeline.
regressor_pooled,regressor_screening,pooled_ridge_pcr,none,ridge_pcr,20ms_bins_anscombe_16bin_history,4,7,nPC=50_lambda=1,NaN,50,1,15,NaN,NaN,NaN,19.0436424389681,NaN,0.741201125,0.115721958333333,0.0426388940063866,17.1508503909046,Shared pooled ridge-PCR screening baseline using the dameer_grader feature pipeline.
regressor_pooled,regressor_screening,pooled_ridge_pcr,none,ridge_pcr,20ms_bins_anscombe_16bin_history,5,7,nPC=50_lambda=1,NaN,50,1,15,NaN,NaN,NaN,19.7416927481037,NaN,0.717492958333333,0.112022833333333,0.0420980207941877,17.7787257566267,Shared pooled ridge-PCR screening baseline using the dameer_grader feature pipeline.
regressor_pooled,regressor_screening,pooled_ridge_pcr,none,ridge_pcr,20ms_bins_anscombe_16bin_history,1,8,nPC=100_lambda=1,NaN,100,1,15,NaN,NaN,NaN,19.4611085977032,NaN,0.690489625,0.120526083333333,0.0443763193421699,17.5270503462662,Shared pooled ridge-PCR screening baseline using the dameer_grader feature pipeline.
regressor_pooled,regressor_screening,pooled_ridge_pcr,none,ridge_pcr,20ms_bins_anscombe_16bin_history,2,8,nPC=100_lambda=1,NaN,100,1,15,NaN,NaN,NaN,18.6748840913277,NaN,0.658507875,0.115359291666667,0.0437630089782499,16.8189316113616,Shared pooled ridge-PCR screening baseline using the dameer_grader feature pipeline.
regressor_pooled,regressor_screening,pooled_ridge_pcr,none,ridge_pcr,20ms_bins_anscombe_16bin_history,3,8,nPC=100_lambda=1,NaN,100,1,15,NaN,NaN,NaN,18.3457000426944,NaN,0.701004833333333,0.115604125,0.0438558896054628,16.522690450925,Shared pooled ridge-PCR screening baseline using the dameer_grader feature pipeline.
regressor_pooled,regressor_screening,pooled_ridge_pcr,none,ridge_pcr,20ms_bins_anscombe_16bin_history,4,8,nPC=100_lambda=1,NaN,100,1,15,NaN,NaN,NaN,19.0764074497125,NaN,1.201983,0.121415625,0.0447367815033161,17.1809082672412,Shared pooled ridge-PCR screening baseline using the dameer_grader feature pipeline.
regressor_pooled,regressor_screening,pooled_ridge_pcr,none,ridge_pcr,20ms_bins_anscombe_16bin_history,5,8,nPC=100_lambda=1,NaN,100,1,15,NaN,NaN,NaN,19.0692433252745,NaN,1.28294325,0.116128416666667,0.0436408931479394,17.1739318344138,Shared pooled ridge-PCR screening baseline using the dameer_grader feature pipeline.
regressor_pooled,regressor_screening,pooled_ridge_pcr,none,ridge_pcr,20ms_bins_anscombe_16bin_history,1,9,nPC=200_lambda=1,NaN,200,1,15,NaN,NaN,NaN,19.3613900023697,NaN,0.762241875,0.122692541666667,0.045173984413353,17.4375202562994,Shared pooled ridge-PCR screening baseline using the dameer_grader feature pipeline.
regressor_pooled,regressor_screening,pooled_ridge_pcr,none,ridge_pcr,20ms_bins_anscombe_16bin_history,2,9,nPC=200_lambda=1,NaN,200,1,15,NaN,NaN,NaN,18.690577132595,NaN,0.682312541666667,0.117721083333333,0.0446589845725847,16.8332915276688,Shared pooled ridge-PCR screening baseline using the dameer_grader feature pipeline.
regressor_pooled,regressor_screening,pooled_ridge_pcr,none,ridge_pcr,20ms_bins_anscombe_16bin_history,3,9,nPC=200_lambda=1,NaN,200,1,15,NaN,NaN,NaN,18.2594228628755,NaN,0.714456291666667,0.119623875,0.0453808327010622,16.4454429640879,Shared pooled ridge-PCR screening baseline using the dameer_grader feature pipeline.
regressor_pooled,regressor_screening,pooled_ridge_pcr,none,ridge_pcr,20ms_bins_anscombe_16bin_history,4,9,nPC=200_lambda=1,NaN,200,1,15,NaN,NaN,NaN,18.9437416955784,NaN,0.671782625,0.123520666666667,0.0455124048145419,17.0617195926872,Shared pooled ridge-PCR screening baseline using the dameer_grader feature pipeline.
regressor_pooled,regressor_screening,pooled_ridge_pcr,none,ridge_pcr,20ms_bins_anscombe_16bin_history,5,9,nPC=200_lambda=1,NaN,200,1,15,NaN,NaN,NaN,18.7720655697245,NaN,0.67857525,0.121226625,0.0455567925591883,16.9069816752521,Shared pooled ridge-PCR screening baseline using the dameer_grader feature pipeline.
regressor_pooled,regressor_screening,pooled_ridge_pcr,none,ridge_pcr,20ms_bins_anscombe_16bin_history,1,10,nPC=300_lambda=1,NaN,300,1,15,NaN,NaN,NaN,19.5957394644084,NaN,0.693553125,0.130053416666667,0.0478841740304369,17.6491708596343,Shared pooled ridge-PCR screening baseline using the dameer_grader feature pipeline.
regressor_pooled,regressor_screening,pooled_ridge_pcr,none,ridge_pcr,20ms_bins_anscombe_16bin_history,2,10,nPC=300_lambda=1,NaN,300,1,15,NaN,NaN,NaN,18.6285254213036,NaN,0.738002125,0.122924416666667,0.0466329350025291,16.7779653208399,Shared pooled ridge-PCR screening baseline using the dameer_grader feature pipeline.
regressor_pooled,regressor_screening,pooled_ridge_pcr,none,ridge_pcr,20ms_bins_anscombe_16bin_history,3,10,nPC=300_lambda=1,NaN,300,1,15,NaN,NaN,NaN,18.2016635977268,NaN,0.686953916666667,0.123215791666667,0.0467434718007081,16.3938188171208,Shared pooled ridge-PCR screening baseline using the dameer_grader feature pipeline.
regressor_pooled,regressor_screening,pooled_ridge_pcr,none,ridge_pcr,20ms_bins_anscombe_16bin_history,4,10,nPC=300_lambda=1,NaN,300,1,15,NaN,NaN,NaN,18.6664054471946,NaN,0.765377833333333,0.135900583333333,0.050073906902481,16.8133549608085,Shared pooled ridge-PCR screening baseline using the dameer_grader feature pipeline.
regressor_pooled,regressor_screening,pooled_ridge_pcr,none,ridge_pcr,20ms_bins_anscombe_16bin_history,5,10,nPC=300_lambda=1,NaN,300,1,15,NaN,NaN,NaN,18.7316911361246,NaN,0.738020875,0.127900666666667,0.0480648878867594,16.8713120891788,Shared pooled ridge-PCR screening baseline using the dameer_grader feature pipeline.
regressor_pooled,regressor_screening,pooled_ridge_pcr,none,ridge_pcr,20ms_bins_anscombe_16bin_history,1,11,nPC=400_lambda=1,NaN,400,1,15,NaN,NaN,NaN,19.5773778439653,NaN,0.764193583333333,0.135625666666667,0.0499358124693176,17.6332026262354,Shared pooled ridge-PCR screening baseline using the dameer_grader feature pipeline.
regressor_pooled,regressor_screening,pooled_ridge_pcr,none,ridge_pcr,20ms_bins_anscombe_16bin_history,2,11,nPC=400_lambda=1,NaN,400,1,15,NaN,NaN,NaN,18.5691284609912,NaN,0.718728625,0.130747541666667,0.0496007365958523,16.7252903690588,Shared pooled ridge-PCR screening baseline using the dameer_grader feature pipeline.
regressor_pooled,regressor_screening,pooled_ridge_pcr,none,ridge_pcr,20ms_bins_anscombe_16bin_history,3,11,nPC=400_lambda=1,NaN,400,1,15,NaN,NaN,NaN,18.0456446223126,NaN,0.743316458333333,0.130349583333333,0.0494497660596864,16.2541151184146,Shared pooled ridge-PCR screening baseline using the dameer_grader feature pipeline.
regressor_pooled,regressor_screening,pooled_ridge_pcr,none,ridge_pcr,20ms_bins_anscombe_16bin_history,4,11,nPC=400_lambda=1,NaN,400,1,15,NaN,NaN,NaN,18.4398437399529,NaN,0.688065375,0.134026625,0.0493834285187915,16.6092620284576,Shared pooled ridge-PCR screening baseline using the dameer_grader feature pipeline.
regressor_pooled,regressor_screening,pooled_ridge_pcr,none,ridge_pcr,20ms_bins_anscombe_16bin_history,5,11,nPC=400_lambda=1,NaN,400,1,15,NaN,NaN,NaN,18.8283602429754,NaN,0.733982916666667,0.129261458333333,0.0485762714518351,16.9584503645112,Shared pooled ridge-PCR screening baseline using the dameer_grader feature pipeline.
regressor_pooled,regressor_screening,pooled_ridge_pcr,none,ridge_pcr,20ms_bins_anscombe_16bin_history,1,12,nPC=500_lambda=1,NaN,500,1,15,NaN,NaN,NaN,19.4342588523617,NaN,0.743532041666667,0.140196291666667,0.0516186640893471,17.5048525962922,Shared pooled ridge-PCR screening baseline using the dameer_grader feature pipeline.
regressor_pooled,regressor_screening,pooled_ridge_pcr,none,ridge_pcr,20ms_bins_anscombe_16bin_history,2,12,nPC=500_lambda=1,NaN,500,1,15,NaN,NaN,NaN,18.6027602230618,NaN,0.797866291666667,0.138331083333333,0.0524776492159838,16.756317309089,Shared pooled ridge-PCR screening baseline using the dameer_grader feature pipeline.
regressor_pooled,regressor_screening,pooled_ridge_pcr,none,ridge_pcr,20ms_bins_anscombe_16bin_history,3,12,nPC=500_lambda=1,NaN,500,1,15,NaN,NaN,NaN,18.1706562091303,NaN,0.675560708333333,0.135270125,0.0513164358877086,16.3671176007172,Shared pooled ridge-PCR screening baseline using the dameer_grader feature pipeline.
regressor_pooled,regressor_screening,pooled_ridge_pcr,none,ridge_pcr,20ms_bins_anscombe_16bin_history,4,12,nPC=500_lambda=1,NaN,500,1,15,NaN,NaN,NaN,18.3745562947726,NaN,0.828324625,0.140161666666667,0.0516439449766642,16.551116831962,Shared pooled ridge-PCR screening baseline using the dameer_grader feature pipeline.
regressor_pooled,regressor_screening,pooled_ridge_pcr,none,ridge_pcr,20ms_bins_anscombe_16bin_history,5,12,nPC=500_lambda=1,NaN,500,1,15,NaN,NaN,NaN,18.7385287629755,NaN,0.688154083333333,0.138946,0.0522157083803082,16.878570486678,Shared pooled ridge-PCR screening baseline using the dameer_grader feature pipeline.
regressor_pooled,regressor_screening,pooled_ridge_pcr,none,ridge_pcr,20ms_bins_anscombe_16bin_history,1,13,nPC=50_lambda=10,NaN,50,10,15,NaN,NaN,NaN,19.7996450141255,NaN,0.711276666666667,0.118931583333333,0.0437892427589592,17.8315736710463,Shared pooled ridge-PCR screening baseline using the dameer_grader feature pipeline.
regressor_pooled,regressor_screening,pooled_ridge_pcr,none,ridge_pcr,20ms_bins_anscombe_16bin_history,2,13,nPC=50_lambda=10,NaN,50,10,15,NaN,NaN,NaN,18.7107907156485,NaN,0.72161025,0.111977458333333,0.0424800676530096,16.850909389917,Shared pooled ridge-PCR screening baseline using the dameer_grader feature pipeline.
regressor_pooled,regressor_screening,pooled_ridge_pcr,none,ridge_pcr,20ms_bins_anscombe_16bin_history,3,13,nPC=50_lambda=10,NaN,50,10,15,NaN,NaN,NaN,18.8517139779456,NaN,0.737690625,0.114672583333333,0.0435024974709155,16.9780098384844,Shared pooled ridge-PCR screening baseline using the dameer_grader feature pipeline.
regressor_pooled,regressor_screening,pooled_ridge_pcr,none,ridge_pcr,20ms_bins_anscombe_16bin_history,4,13,nPC=50_lambda=10,NaN,50,10,15,NaN,NaN,NaN,19.0404784222266,NaN,0.651739333333333,0.118208916666667,0.0435552382706952,17.1482514716706,Shared pooled ridge-PCR screening baseline using the dameer_grader feature pipeline.
regressor_pooled,regressor_screening,pooled_ridge_pcr,none,ridge_pcr,20ms_bins_anscombe_16bin_history,5,13,nPC=50_lambda=10,NaN,50,10,15,NaN,NaN,NaN,19.7388289169301,NaN,0.710665125,0.126980958333333,0.047719262808468,17.7776441210704,Shared pooled ridge-PCR screening baseline using the dameer_grader feature pipeline.
regressor_pooled,regressor_screening,pooled_ridge_pcr,none,ridge_pcr,20ms_bins_anscombe_16bin_history,1,14,nPC=100_lambda=10,NaN,100,10,15,NaN,NaN,NaN,19.4583193653885,NaN,0.705767458333333,0.127802541666667,0.047055427712322,17.5252676830163,Shared pooled ridge-PCR screening baseline using the dameer_grader feature pipeline.
regressor_pooled,regressor_screening,pooled_ridge_pcr,none,ridge_pcr,20ms_bins_anscombe_16bin_history,2,14,nPC=100_lambda=10,NaN,100,10,15,NaN,NaN,NaN,18.6733869757663,NaN,0.720448,0.117705833333333,0.0446531992918563,16.817818861523,Shared pooled ridge-PCR screening baseline using the dameer_grader feature pipeline.
regressor_pooled,regressor_screening,pooled_ridge_pcr,none,ridge_pcr,20ms_bins_anscombe_16bin_history,3,14,nPC=100_lambda=10,NaN,100,10,15,NaN,NaN,NaN,18.3431800330278,NaN,0.703469125,0.116006625,0.0440085830804249,16.5204626922251,Shared pooled ridge-PCR screening baseline using the dameer_grader feature pipeline.
regressor_pooled,regressor_screening,pooled_ridge_pcr,none,ridge_pcr,20ms_bins_anscombe_16bin_history,4,14,nPC=100_lambda=10,NaN,100,10,15,NaN,NaN,NaN,19.0726204032788,NaN,0.708929208333333,0.120618583333333,0.0444431036600344,17.1774202212842,Shared pooled ridge-PCR screening baseline using the dameer_grader feature pipeline.
regressor_pooled,regressor_screening,pooled_ridge_pcr,none,ridge_pcr,20ms_bins_anscombe_16bin_history,5,14,nPC=100_lambda=10,NaN,100,10,15,NaN,NaN,NaN,19.0674437271547,NaN,0.674125958333333,0.116749958333333,0.0438744676186897,17.1723743502725,Shared pooled ridge-PCR screening baseline using the dameer_grader feature pipeline.
regressor_pooled,regressor_screening,pooled_ridge_pcr,none,ridge_pcr,20ms_bins_anscombe_16bin_history,1,15,nPC=200_lambda=10,NaN,200,10,15,NaN,NaN,NaN,19.3582185211896,NaN,0.723099541666667,0.1238825,0.0456121134020619,17.4347849190706,Shared pooled ridge-PCR screening baseline using the dameer_grader feature pipeline.
regressor_pooled,regressor_screening,pooled_ridge_pcr,none,ridge_pcr,20ms_bins_anscombe_16bin_history,2,15,nPC=200_lambda=10,NaN,200,10,15,NaN,NaN,NaN,18.6883268904641,NaN,0.703348166666667,0.119650166666667,0.0453908067779464,16.8314592180843,Shared pooled ridge-PCR screening baseline using the dameer_grader feature pipeline.
regressor_pooled,regressor_screening,pooled_ridge_pcr,none,ridge_pcr,20ms_bins_anscombe_16bin_history,3,15,nPC=200_lambda=10,NaN,200,10,15,NaN,NaN,NaN,18.2561703177813,NaN,0.764375083333333,0.118137916666667,0.0448171155791603,16.4423670776699,Shared pooled ridge-PCR screening baseline using the dameer_grader feature pipeline.
regressor_pooled,regressor_screening,pooled_ridge_pcr,none,ridge_pcr,20ms_bins_anscombe_16bin_history,4,15,nPC=200_lambda=10,NaN,200,10,15,NaN,NaN,NaN,18.9397129371976,NaN,0.706442916666667,0.122745416666667,0.0452267563252272,17.0580161851445,Shared pooled ridge-PCR screening baseline using the dameer_grader feature pipeline.
regressor_pooled,regressor_screening,pooled_ridge_pcr,none,ridge_pcr,20ms_bins_anscombe_16bin_history,5,15,nPC=200_lambda=10,NaN,200,10,15,NaN,NaN,NaN,18.7697861146394,NaN,0.819786625,0.120296,0.045207065013153,16.9048371031755,Shared pooled ridge-PCR screening baseline using the dameer_grader feature pipeline.
regressor_pooled,regressor_screening,pooled_ridge_pcr,none,ridge_pcr,20ms_bins_anscombe_16bin_history,1,16,nPC=300_lambda=10,NaN,300,10,15,NaN,NaN,NaN,19.5918023671868,NaN,0.754279,0.129570708333333,0.0477064463672067,17.6455792013014,Shared pooled ridge-PCR screening baseline using the dameer_grader feature pipeline.
regressor_pooled,regressor_screening,pooled_ridge_pcr,none,ridge_pcr,20ms_bins_anscombe_16bin_history,2,16,nPC=300_lambda=10,NaN,300,10,15,NaN,NaN,NaN,18.6261454176155,NaN,0.690478166666667,0.124787416666667,0.0473396876580678,16.7760096175206,Shared pooled ridge-PCR screening baseline using the dameer_grader feature pipeline.
regressor_pooled,regressor_screening,pooled_ridge_pcr,none,ridge_pcr,20ms_bins_anscombe_16bin_history,3,16,nPC=300_lambda=10,NaN,300,10,15,NaN,NaN,NaN,18.1979529883388,NaN,0.691403958333333,0.124788708333333,0.0473401776681841,16.3906365603383,Shared pooled ridge-PCR screening baseline using the dameer_grader feature pipeline.
regressor_pooled,regressor_screening,pooled_ridge_pcr,none,ridge_pcr,20ms_bins_anscombe_16bin_history,4,16,nPC=300_lambda=10,NaN,300,10,15,NaN,NaN,NaN,18.6623792035771,NaN,0.670989291666667,0.131532958333333,0.0484646125030705,16.8092945790527,Shared pooled ridge-PCR screening baseline using the dameer_grader feature pipeline.
regressor_pooled,regressor_screening,pooled_ridge_pcr,none,ridge_pcr,20ms_bins_anscombe_16bin_history,5,16,nPC=300_lambda=10,NaN,300,10,15,NaN,NaN,NaN,18.7291384643365,NaN,0.743496583333333,0.146826958333333,0.0551773612676939,16.8709073137362,Shared pooled ridge-PCR screening baseline using the dameer_grader feature pipeline.
regressor_pooled,regressor_screening,pooled_ridge_pcr,none,ridge_pcr,20ms_bins_anscombe_16bin_history,1,17,nPC=400_lambda=10,NaN,400,10,15,NaN,NaN,NaN,19.5729380854118,NaN,0.716012458333333,0.136347416666667,0.0502015525282278,17.6292790185373,Shared pooled ridge-PCR screening baseline using the dameer_grader feature pipeline.
regressor_pooled,regressor_screening,pooled_ridge_pcr,none,ridge_pcr,20ms_bins_anscombe_16bin_history,2,17,nPC=400_lambda=10,NaN,400,10,15,NaN,NaN,NaN,18.5663178960202,NaN,0.663629958333333,0.129421916666667,0.0490978439554881,16.7226282980848,Shared pooled ridge-PCR screening baseline using the dameer_grader feature pipeline.
regressor_pooled,regressor_screening,pooled_ridge_pcr,none,ridge_pcr,20ms_bins_anscombe_16bin_history,3,17,nPC=400_lambda=10,NaN,400,10,15,NaN,NaN,NaN,18.0418696021654,NaN,0.660376333333333,0.127647041666667,0.048424522635306,16.2504473461155,Shared pooled ridge-PCR screening baseline using the dameer_grader feature pipeline.
regressor_pooled,regressor_screening,pooled_ridge_pcr,none,ridge_pcr,20ms_bins_anscombe_16bin_history,4,17,nPC=400_lambda=10,NaN,400,10,15,NaN,NaN,NaN,18.4359844614732,NaN,0.723075083333333,0.133859,0.0493216654384672,16.6057719153259,Shared pooled ridge-PCR screening baseline using the dameer_grader feature pipeline.
regressor_pooled,regressor_screening,pooled_ridge_pcr,none,ridge_pcr,20ms_bins_anscombe_16bin_history,5,17,nPC=400_lambda=10,NaN,400,10,15,NaN,NaN,NaN,18.8252219263044,NaN,0.720134625,0.130002333333333,0.04885469121884,16.9556999670073,Shared pooled ridge-PCR screening baseline using the dameer_grader feature pipeline.
regressor_pooled,regressor_screening,pooled_ridge_pcr,none,ridge_pcr,20ms_bins_anscombe_16bin_history,1,18,nPC=500_lambda=10,NaN,500,10,15,NaN,NaN,NaN,19.429689752322,NaN,0.720713541666667,0.139430666666667,0.0513367697594502,17.5006638437565,Shared pooled ridge-PCR screening baseline using the dameer_grader feature pipeline.
regressor_pooled,regressor_screening,pooled_ridge_pcr,none,ridge_pcr,20ms_bins_anscombe_16bin_history,2,18,nPC=500_lambda=10,NaN,500,10,15,NaN,NaN,NaN,18.5994271000222,NaN,0.67357225,0.13438225,0.0509796092564492,16.7529226150199,Shared pooled ridge-PCR screening baseline using the dameer_grader feature pipeline.
regressor_pooled,regressor_screening,pooled_ridge_pcr,none,ridge_pcr,20ms_bins_anscombe_16bin_history,3,18,nPC=500_lambda=10,NaN,500,10,15,NaN,NaN,NaN,18.1655541423615,NaN,0.697081041666667,0.133015166666667,0.0504609888720283,16.362300244792,Shared pooled ridge-PCR screening baseline using the dameer_grader feature pipeline.
regressor_pooled,regressor_screening,pooled_ridge_pcr,none,ridge_pcr,20ms_bins_anscombe_16bin_history,4,18,nPC=500_lambda=10,NaN,500,10,15,NaN,NaN,NaN,18.3706891228526,NaN,0.714450875,0.139344625,0.0513428979366249,16.5475546730673,Shared pooled ridge-PCR screening baseline using the dameer_grader feature pipeline.
regressor_pooled,regressor_screening,pooled_ridge_pcr,none,ridge_pcr,20ms_bins_anscombe_16bin_history,5,18,nPC=500_lambda=10,NaN,500,10,15,NaN,NaN,NaN,18.7351857712333,NaN,0.6631195,0.136148541666667,0.0511644275335087,16.8752820482767,Shared pooled ridge-PCR screening baseline using the dameer_grader feature pipeline.
regressor_pooled,regressor_screening,pooled_ridge_pcr,none,ridge_pcr,20ms_bins_anscombe_16bin_history,1,19,nPC=50_lambda=100,NaN,50,100,15,NaN,NaN,NaN,19.7702498170496,NaN,0.78451725,0.117800583333333,0.0433728215513009,17.8050048936779,Shared pooled ridge-PCR screening baseline using the dameer_grader feature pipeline.
regressor_pooled,regressor_screening,pooled_ridge_pcr,none,ridge_pcr,20ms_bins_anscombe_16bin_history,2,19,nPC=50_lambda=100,NaN,50,100,15,NaN,NaN,NaN,18.6989270708993,NaN,0.711471,0.116117041666667,0.0440504710419828,16.8406460679761,Shared pooled ridge-PCR screening baseline using the dameer_grader feature pipeline.
regressor_pooled,regressor_screening,pooled_ridge_pcr,none,ridge_pcr,20ms_bins_anscombe_16bin_history,3,19,nPC=50_lambda=100,NaN,50,100,15,NaN,NaN,NaN,18.8210734986457,NaN,0.696823083333333,0.113331958333333,0.0429939143904906,16.9502993446145,Shared pooled ridge-PCR screening baseline using the dameer_grader feature pipeline.
regressor_pooled,regressor_screening,pooled_ridge_pcr,none,ridge_pcr,20ms_bins_anscombe_16bin_history,4,19,nPC=50_lambda=100,NaN,50,100,15,NaN,NaN,NaN,19.0096273089086,NaN,0.681866083333333,0.11757,0.0433198231392778,17.1204215780177,Shared pooled ridge-PCR screening baseline using the dameer_grader feature pipeline.
regressor_pooled,regressor_screening,pooled_ridge_pcr,none,ridge_pcr,20ms_bins_anscombe_16bin_history,5,19,nPC=50_lambda=100,NaN,50,100,15,NaN,NaN,NaN,19.7110300128353,NaN,0.673370583333333,0.115500208333333,0.0434048133533759,17.7514770323851,Shared pooled ridge-PCR screening baseline using the dameer_grader feature pipeline.
regressor_pooled,regressor_screening,pooled_ridge_pcr,none,ridge_pcr,20ms_bins_anscombe_16bin_history,1,20,nPC=100_lambda=100,NaN,100,100,15,NaN,NaN,NaN,19.4311618425538,NaN,0.665427375,0.119922916666667,0.0441542403043692,17.5000379499651,Shared pooled ridge-PCR screening baseline using the dameer_grader feature pipeline.
regressor_pooled,regressor_screening,pooled_ridge_pcr,none,ridge_pcr,20ms_bins_anscombe_16bin_history,2,20,nPC=100_lambda=100,NaN,100,100,15,NaN,NaN,NaN,18.6592602327272,NaN,0.660519666666667,0.113301,0.0429821699544765,16.8046643094545,Shared pooled ridge-PCR screening baseline using the dameer_grader feature pipeline.
regressor_pooled,regressor_screening,pooled_ridge_pcr,none,ridge_pcr,20ms_bins_anscombe_16bin_history,3,20,nPC=100_lambda=100,NaN,100,100,15,NaN,NaN,NaN,18.3188840206946,NaN,0.793194125,0.128788291666667,0.0488574702832575,16.4998744477918,Shared pooled ridge-PCR screening baseline using the dameer_grader feature pipeline.
regressor_pooled,regressor_screening,pooled_ridge_pcr,none,ridge_pcr,20ms_bins_anscombe_16bin_history,4,20,nPC=100_lambda=100,NaN,100,100,15,NaN,NaN,NaN,19.0357121573027,NaN,0.722334208333333,0.1195295,0.0440418201915991,17.1440938915724,Shared pooled ridge-PCR screening baseline using the dameer_grader feature pipeline.
regressor_pooled,regressor_screening,pooled_ridge_pcr,none,ridge_pcr,20ms_bins_anscombe_16bin_history,5,20,nPC=100_lambda=100,NaN,100,100,15,NaN,NaN,NaN,19.0501705810128,NaN,0.68872025,0.116865333333333,0.0439178253789302,17.1568400562448,Shared pooled ridge-PCR screening baseline using the dameer_grader feature pipeline.
regressor_pooled,regressor_screening,pooled_ridge_pcr,none,ridge_pcr,20ms_bins_anscombe_16bin_history,1,21,nPC=200_lambda=100,NaN,200,100,15,NaN,NaN,NaN,19.3273948071008,NaN,0.657555875,0.122691166666667,0.0451734781541483,17.4069244430574,Shared pooled ridge-PCR screening baseline using the dameer_grader feature pipeline.
regressor_pooled,regressor_screening,pooled_ridge_pcr,none,ridge_pcr,20ms_bins_anscombe_16bin_history,2,21,nPC=200_lambda=100,NaN,200,100,15,NaN,NaN,NaN,18.6669263603635,NaN,0.697278375,0.119831791666667,0.0454597085230147,16.8122169034938,Shared pooled ridge-PCR screening baseline using the dameer_grader feature pipeline.
regressor_pooled,regressor_screening,pooled_ridge_pcr,none,ridge_pcr,20ms_bins_anscombe_16bin_history,3,21,nPC=200_lambda=100,NaN,200,100,15,NaN,NaN,NaN,18.224803226283,NaN,0.731795833333333,0.127150083333333,0.0482359951947395,16.4150379119881,Shared pooled ridge-PCR screening baseline using the dameer_grader feature pipeline.
regressor_pooled,regressor_screening,pooled_ridge_pcr,none,ridge_pcr,20ms_bins_anscombe_16bin_history,4,21,nPC=200_lambda=100,NaN,200,100,15,NaN,NaN,NaN,18.9005195356242,NaN,0.671870583333333,0.132899083333333,0.0489679746990911,17.0237574903951,Shared pooled ridge-PCR screening baseline using the dameer_grader feature pipeline.
regressor_pooled,regressor_screening,pooled_ridge_pcr,none,ridge_pcr,20ms_bins_anscombe_16bin_history,5,21,nPC=200_lambda=100,NaN,200,100,15,NaN,NaN,NaN,18.7479286717001,NaN,0.666845583333333,0.121192625,0.0455440154077414,16.8852550670301,Shared pooled ridge-PCR screening baseline using the dameer_grader feature pipeline.
regressor_pooled,regressor_screening,pooled_ridge_pcr,none,ridge_pcr,20ms_bins_anscombe_16bin_history,1,22,nPC=300_lambda=100,NaN,300,100,15,NaN,NaN,NaN,19.5535640685077,NaN,0.679384875,0.12813325,0.0471771907216495,17.611020986657,Shared pooled ridge-PCR screening baseline using the dameer_grader feature pipeline.
regressor_pooled,regressor_screening,pooled_ridge_pcr,none,ridge_pcr,20ms_bins_anscombe_16bin_history,2,22,nPC=300_lambda=100,NaN,300,100,15,NaN,NaN,NaN,18.6035406224959,NaN,0.733069958333333,0.123321291666667,0.0467834945624684,16.7555186894129,Shared pooled ridge-PCR screening baseline using the dameer_grader feature pipeline.
regressor_pooled,regressor_screening,pooled_ridge_pcr,none,ridge_pcr,20ms_bins_anscombe_16bin_history,3,22,nPC=300_lambda=100,NaN,300,100,15,NaN,NaN,NaN,18.1622080549747,NaN,0.71118925,0.124881666666667,0.0473754425897825,16.3584754161439,Shared pooled ridge-PCR screening baseline using the dameer_grader feature pipeline.
regressor_pooled,regressor_screening,pooled_ridge_pcr,none,ridge_pcr,20ms_bins_anscombe_16bin_history,4,22,nPC=300_lambda=100,NaN,300,100,15,NaN,NaN,NaN,18.6233240815515,NaN,0.712063,0.127864666666667,0.0471129943502825,16.773778140063,Shared pooled ridge-PCR screening baseline using the dameer_grader feature pipeline.
regressor_pooled,regressor_screening,pooled_ridge_pcr,none,ridge_pcr,20ms_bins_anscombe_16bin_history,5,22,nPC=300_lambda=100,NaN,300,100,15,NaN,NaN,NaN,18.7046838337446,NaN,0.689827375,0.127169041666667,0.0477899442565452,16.8469323545368,Shared pooled ridge-PCR screening baseline using the dameer_grader feature pipeline.
regressor_pooled,regressor_screening,pooled_ridge_pcr,none,ridge_pcr,20ms_bins_anscombe_16bin_history,1,23,nPC=400_lambda=100,NaN,400,100,15,NaN,NaN,NaN,19.5299007960928,NaN,0.76438275,0.134456791666667,0.0495054461217477,17.5903563956502,Shared pooled ridge-PCR screening baseline using the dameer_grader feature pipeline.
regressor_pooled,regressor_screening,pooled_ridge_pcr,none,ridge_pcr,20ms_bins_anscombe_16bin_history,2,23,nPC=400_lambda=100,NaN,400,100,15,NaN,NaN,NaN,18.5396680536909,NaN,0.680641875,0.130452041666667,0.0494886349266565,16.6987464524885,Shared pooled ridge-PCR screening baseline using the dameer_grader feature pipeline.
regressor_pooled,regressor_screening,pooled_ridge_pcr,none,ridge_pcr,20ms_bins_anscombe_16bin_history,3,23,nPC=400_lambda=100,NaN,400,100,15,NaN,NaN,NaN,18.0056058976325,NaN,0.784711166666667,0.139231,0.0528190440060698,16.2189684078692,Shared pooled ridge-PCR screening baseline using the dameer_grader feature pipeline.
regressor_pooled,regressor_screening,pooled_ridge_pcr,none,ridge_pcr,20ms_bins_anscombe_16bin_history,4,23,nPC=400_lambda=100,NaN,400,100,15,NaN,NaN,NaN,18.3986487710032,NaN,0.706952625,0.134526458333333,0.0495675970277573,16.5722365397362,Shared pooled ridge-PCR screening baseline using the dameer_grader feature pipeline.
regressor_pooled,regressor_screening,pooled_ridge_pcr,none,ridge_pcr,20ms_bins_anscombe_16bin_history,5,23,nPC=400_lambda=100,NaN,400,100,15,NaN,NaN,NaN,18.7951296305803,NaN,0.729686125,0.136223708333333,0.0511926750595014,16.9292390383556,Shared pooled ridge-PCR screening baseline using the dameer_grader feature pipeline.
regressor_pooled,regressor_screening,pooled_ridge_pcr,none,ridge_pcr,20ms_bins_anscombe_16bin_history,1,24,nPC=500_lambda=100,NaN,500,100,15,NaN,NaN,NaN,19.3855331050288,NaN,0.669330416666667,0.13789525,0.0507714469808542,17.460769319526,Shared pooled ridge-PCR screening baseline using the dameer_grader feature pipeline.
regressor_pooled,regressor_screening,pooled_ridge_pcr,none,ridge_pcr,20ms_bins_anscombe_16bin_history,2,24,nPC=500_lambda=100,NaN,500,100,15,NaN,NaN,NaN,18.567814279449,NaN,0.764230875,0.132516333333333,0.0502717501264542,16.7242844848374,Shared pooled ridge-PCR screening baseline using the dameer_grader feature pipeline.
regressor_pooled,regressor_screening,pooled_ridge_pcr,none,ridge_pcr,20ms_bins_anscombe_16bin_history,3,24,nPC=500_lambda=100,NaN,500,100,15,NaN,NaN,NaN,18.1166242891591,NaN,0.706809208333333,0.133515708333333,0.0506508756954982,16.3183134310765,Shared pooled ridge-PCR screening baseline using the dameer_grader feature pipeline.
regressor_pooled,regressor_screening,pooled_ridge_pcr,none,ridge_pcr,20ms_bins_anscombe_16bin_history,4,24,nPC=500_lambda=100,NaN,500,100,15,NaN,NaN,NaN,18.3333650144156,NaN,0.721571166666667,0.139206958333333,0.0512921732989437,16.5139492088073,Shared pooled ridge-PCR screening baseline using the dameer_grader feature pipeline.
regressor_pooled,regressor_screening,pooled_ridge_pcr,none,ridge_pcr,20ms_bins_anscombe_16bin_history,5,24,nPC=500_lambda=100,NaN,500,100,15,NaN,NaN,NaN,18.70323009018,NaN,0.723805208333333,0.13682775,0.0514196730552424,16.846589856162,Shared pooled ridge-PCR screening baseline using the dameer_grader feature pipeline.
pipeline,final_pipeline,jared_direct,none,pooled_pcr,20ms_bins_anscombe_16bin_history,1,1,fixed,NaN,500,NaN,15,NaN,NaN,NaN,19.4347682943854,NaN,1.964628125,0.2110125,0.0776923784977909,17.5123927149468,Direct pooled PCR baseline from jared/positionEstimator (2).
pipeline,final_pipeline,jared_direct,none,pooled_pcr,20ms_bins_anscombe_16bin_history,2,1,fixed,NaN,500,NaN,15,NaN,NaN,NaN,18.6031325478365,NaN,1.83629841666667,0.19089875,0.0724198596358118,16.7619091680529,Direct pooled PCR baseline from jared/positionEstimator (2).
pipeline,final_pipeline,jared_direct,none,pooled_pcr,20ms_bins_anscombe_16bin_history,3,1,fixed,NaN,500,NaN,15,NaN,NaN,NaN,18.1712255125535,NaN,1.82693008333333,0.194340958333333,0.0737257049822964,16.3735370571315,Direct pooled PCR baseline from jared/positionEstimator (2).
pipeline,final_pipeline,jared_direct,none,pooled_pcr,20ms_bins_anscombe_16bin_history,4,1,fixed,NaN,500,NaN,15,NaN,NaN,NaN,18.3749875271465,NaN,1.9501575,0.201303458333333,0.0741722396217146,16.5576191202652,Direct pooled PCR baseline from jared/positionEstimator (2).
pipeline,final_pipeline,jared_direct,none,pooled_pcr,20ms_bins_anscombe_16bin_history,5,1,fixed,NaN,500,NaN,15,NaN,NaN,NaN,18.7389019010032,NaN,1.89552766666667,0.197543208333333,0.0742364555931354,16.8847660317362,Direct pooled PCR baseline from jared/positionEstimator (2).
pipeline,final_pipeline,jared_hybrid,cosine_similarity,direction_specific_ridge_pcr,20ms_bins_anscombe_16bin_history,1,1,fixed,NaN,500,1000,15,NaN,NaN,NaN,13.9290947894649,NaN,1.65104708333333,0.239914833333333,0.0883338856161021,12.5601767938517,Classifier-conditioned final pipeline from jared/positionEstimatorTraining.m.
pipeline,final_pipeline,jared_hybrid,cosine_similarity,direction_specific_ridge_pcr,20ms_bins_anscombe_16bin_history,2,1,fixed,NaN,500,1000,15,NaN,NaN,NaN,11.3135710842767,NaN,1.516372625,0.226377125,0.0858790307283763,10.2048516883491,Classifier-conditioned final pipeline from jared/positionEstimatorTraining.m.
pipeline,final_pipeline,jared_hybrid,cosine_similarity,direction_specific_ridge_pcr,20ms_bins_anscombe_16bin_history,3,1,fixed,NaN,500,1000,15,NaN,NaN,NaN,9.96175247367166,NaN,1.58392545833333,0.228590875,0.0867188448406677,8.9884363138045,Classifier-conditioned final pipeline from jared/positionEstimatorTraining.m.
pipeline,final_pipeline,jared_hybrid,cosine_similarity,direction_specific_ridge_pcr,20ms_bins_anscombe_16bin_history,4,1,fixed,NaN,500,1000,15,NaN,NaN,NaN,16.0741460234668,NaN,1.589351375,0.23154225,0.0853140198968312,14.4898856461201,Classifier-conditioned final pipeline from jared/positionEstimatorTraining.m.
pipeline,final_pipeline,jared_hybrid,cosine_similarity,direction_specific_ridge_pcr,20ms_bins_anscombe_16bin_history,5,1,fixed,NaN,500,1000,15,NaN,NaN,NaN,10.6037530642437,NaN,1.6538745,0.228291708333333,0.0857916979832143,9.56620692865265,Classifier-conditioned final pipeline from jared/positionEstimatorTraining.m.
